id,path,device,used_ckpt,pred,p_0,p_1,p_2
,E:/data/a.wav,1,runs/stage1_test/best.ckpt,2,0.32258761692978855,0.30219980875477076,0.3752125743154407
,E:/data/b.wav,-1,runs/stage1_test/best.ckpt,1,0.15699443532481244,0.7290164688615498,0.11398909581363774
